agent_id;drop_rate;robustness_ratio
1;0.0;1.000000
1;0.1;0.997833
1;0.2;0.995099
1;0.3;0.991466
1;0.5;0.980677
2;0.0;1.000000
2;0.1;0.997461
2;0.2;0.992180
2;0.3;0.987364
2;0.5;0.975545
3;0.0;1.000000
3;0.1;0.998094
3;0.2;0.995631
3;0.3;0.993009
3;0.5;0.981469
4;0.0;1.000000
4;0.1;0.997918
4;0.2;0.995761
4;0.3;0.993117
4;0.5;0.978069
5;0.0;1.000000
5;0.1;0.997814
5;0.2;0.993462
5;0.3;0.990576
5;0.5;0.976891
6;0.0;1.000000
6;0.1;0.997916
6;0.2;0.993664
6;0.3;0.990002
6;0.5;0.980463
